GEOID,NAME,total_pop,black_pop,pct_black,median_income,poverty_rate,low_income,nearest_store_km,store_count_5km,service_area_pct,beauty_access_score,underserved_index,hotspot_flag,hotspot_cluster
37063000100,Sample Tract 1,4200,2500,59.523809523809526,32000,22.439024390243905,True,2.661961998591486,3,100.0,0.7142857142857143,0.666,False,-1
37063000200,Sample Tract 2,5100,1800,35.294117647058826,47000,12.8,False,1.6498867583752406,3,100.0,0.588235294117647,0.1429,False,-1
37063000300,Sample Tract 3,3800,2900,76.31578947368422,28000,29.72972972972973,True,0.8909047642832942,3,100.0,0.7894736842105263,0.8,False,-1
